var,rel_inf
weedmsmt_unit,35.35690897928872
PICV_diff,26.733390182177022
sys_tillage,23.69991281449249
climclasslat2,6.1948663706993665
sys_weedmgmt2,3.965545625814539
species_rat,1.5515586520712847
peren_divYN,1.3469666068684336
fallow_simpYN,1.0506779402554949
mono_YN,0.1001728283326494
